05-9165610;Letitia;Maymand;Female
66-7301595;Marieann;Byres;Bigender
48-0444608;Jackson;Gilling;Male
00-7192283;Levin;Meindl;Male
79-6302080;Tamqrah;Arghent;Female
04-3732138;Evin;Talbot;Male
48-4493472;Krispin;Antoniewski;Male
63-6251542;Kev;Acton;Male
66-1909533;Seka;Bakhrushkin;Bigender
96-3034441;Carry;Treleven;Female
52-2488868;Minetta;Shorthill;Female
38-0524585;Inglebert;Drewes;Male
84-6010281;Vinnie;Peltzer;Male
93-5735017;Emmy;Hegerty;Male
39-3786224;Kurt;McKmurrie;Genderqueer
35-8016029;Norah;Smy;Female
48-0073943;Janey;Stigger;Female
54-9087049;Marsha;Geldert;Female
57-8350209;Ursola;Kreutzer;Female
64-7291892;Kristan;Drane;Female
18-5481868;Sadie;Heinlein;Female
54-8120935;Jacquelyn;Ballston;Female
03-3387383;Ruddy;Asprey;Male
74-7272270;Marmaduke;Sapsed;Non-binary
12-5058600;Leigh;Peerman;Male
86-0064781;Anatole;Gouldthorpe;Male
08-2454720;Nicky;Smallshaw;Male
75-1494194;Nicolai;Flobert;Non-binary
09-8543995;Lester;Sime;Male
72-7254049;Cosimo;Burchnall;Male
33-5245486;Colene;Livingston;Female
75-4161139;Chic;Wealthall;Male
84-8989378;Gerardo;Lumm;Male
13-5885637;Renato;Whitchurch;Genderqueer
84-4352723;Florencia;Dowse;Non-binary
94-5708249;Hinze;Rentoll;Male
79-0439651;May;Schlagman;Agender
52-3105147;Virgina;Rigby;Female
98-9341736;Christoforo;Trytsman;Male
86-1550582;Budd;Ginty;Agender
21-7036222;Doroteya;Jiggens;Female
79-7868384;Siegfried;Weatherdon;Bigender
36-7493952;Ethelda;Perulli;Female
57-6888082;Paul;Spelwood;Male
34-5059536;Werner;Knight;Male
94-3161971;Moss;Gidden;Male
36-8539118;Blythe;Drinkhall;Female
14-8025375;Jimmie;Sweynson;Male
56-1904728;Jeramey;Linklet;Male
09-7001227;Chen;Puckring;Male
63-5398242;Brina;Southcomb;Female
67-9912899;Bary;Franz;Male
41-8945444;Gerladina;Maith;Female
46-1320513;Aron;Catterell;Male
70-4821612;Sawyer;Feldmark;Male
79-2526321;Godfry;Livsey;Male
40-1825116;Hermione;Longforth;Female
44-0803397;Vina;Geffinger;Female
25-9586068;Irena;Halworth;Female
29-9941356;Hedda;Maylin;Female
46-3803001;Gipsy;Flann;Female
65-3904419;Min;Eddoes;Female
67-2765549;Solomon;Dyzart;Male
11-2791984;Daloris;Alderson;Female
16-7016846;Tabby;Sutherington;Male
34-6113355;Kelvin;Rackham;Male
18-6198246;Jacqui;Bende;Female
03-6117931;Fletch;Harrell;Male
11-4689449;Gleda;Farthin;Bigender
12-2888474;West;Domokos;Male
41-1789578;Chester;Gould;Male
92-4588012;Mame;Bratchell;Female
18-2603714;Saunders;Clemow;Male
72-1625030;Guenevere;Walshaw;Female
46-6541478;Datha;Dowdeswell;Female
70-9946269;Berrie;Britee;Female
12-0646322;Ward;Bossons;Male
09-9293118;Ilse;Glavias;Female
22-6917416;Spence;Fettiplace;Male
79-6358551;Natty;Ackred;Male
03-2153425;Der;Tunnoch;Male
85-6570007;Katee;Gaunter;Female
12-7758502;Daria;Kigelman;Female
10-8790549;Cammy;Feaveer;Female
42-6523025;Lorry;Kacheller;Female
94-4539039;Caleb;Atto;Male
53-7892092;Park;Cumbridge;Male
87-0294184;Deloria;Sheaber;Female
81-6609399;Elset;Ulyat;Female
34-1293362;Mitzi;Madge;Female
09-5466606;Georgeanna;Walden;Female
97-2625961;Diane;Clemenceau;Female
70-4977625;Hugh;Klimowicz;Male
20-0204926;Kelvin;Scneider;Non-binary
59-3878308;Trixi;Orcas;Female
65-2825334;Richard;Dilleway;Male
03-1610207;Sisely;Lievesley;Female
61-1292864;Chrissie;Born;Male
89-7082796;Wye;Zimmer;Male
73-8365515;Rosette;Sporner;Female
34-1399388;Reynard;Tithecott;Male
74-7044497;Gerladina;Peschka;Female
66-1685682;Mariel;Kynett;Female
62-7855545;Aurilia;Trever;Female
75-6342863;Claudian;Bertson;Male
08-3148743;Nicky;Lougheed;Male
47-3014230;Carroll;Gomez;Male
39-4134444;Lev;Sangwine;Male
67-4685658;Sindee;Guichard;Female
85-8143163;Philly;Bock;Female
58-6804246;Donny;Flarity;Female
36-1666181;Fransisco;Marques;Genderfluid
47-4162874;Dex;Avery;Male
28-5547377;Moyra;Croyden;Female
14-8631133;Jerrie;Jiroutka;Male
94-1610341;Shoshanna;McMeekan;Bigender
22-7323222;Annadiane;Boston;Female
66-0067184;Rachelle;Barnsdall;Female
82-3316049;Elonore;Eastope;Female
64-8043530;Zelma;Ventris;Polygender
11-6980741;Cherise;Ackwood;Female
17-7116836;Leila;Benedetti;Female
69-4133245;Hall;Lornsen;Male
26-5801330;Mariellen;Tomei;Female
17-4593608;Nathalia;Bullimore;Female
85-8277826;Wenda;Lurriman;Female
21-5633706;Hammad;Newland;Male
75-7023708;Dmitri;Files;Male
88-3153955;Halie;Starrs;Genderqueer
96-9434815;Lynn;Airey;Female
61-0697543;Dulcy;Readman;Female
42-5995231;Remington;Malicki;Male
01-3218788;Sofia;Elder;Female
45-8697655;Nickie;Richley;Male
54-0698290;Helaina;Caiger;Bigender
85-9669027;Thia;Brawn;Polygender
46-4346890;Chere;Prestner;Female
32-7482853;Hermina;Pawling;Genderqueer
17-8880535;Farr;Mohun;Male
53-6143206;Yalonda;Gatherer;Female
08-9616268;Mathian;Govey;Male
44-9149404;Catriona;Gilkison;Female
90-1520907;Ulric;Coste;Male
17-0908737;Lazaro;Stilliard;Male
29-6186014;Lynelle;Olner;Female
10-9368925;Alverta;O'Dyvoie;Female
52-4309039;Joaquin;Errowe;Male
09-5265933;Bobina;Gowland;Female
25-9694277;Moria;Matthesius;Female
83-5422440;Abel;Ferrer;Male
81-1186563;Tomi;Vasyatkin;Female
51-9144684;Koral;Bent;Female
04-3920071;Willette;Blakeney;Female
90-3185519;Niccolo;Logsdail;Male
16-5496603;Louisette;Proske;Female
34-6981788;Eada;Hambidge;Female
64-1167266;Durant;MacCarter;Male
45-9439290;Prue;Hamilton;Female
08-2582895;Vinnie;Stinson;Female
54-9910730;Fairleigh;Dandy;Male
55-0065788;Baron;Kneeshaw;Male
78-7104377;Eustacia;Wace;Female
24-5814310;Virgina;Kennan;Female
47-5092145;Shanta;Yurov;Female
59-3322910;Clywd;Jakubiak;Male
17-2184473;Babbette;Hinkens;Female
78-4255460;Lorettalorna;Gorton;Female
02-4306055;Kati;Sugge;Female
15-2701802;Helen-elizabeth;Itzkowicz;Female
19-4864419;Petronille;Bundy;Female
62-6152293;Pooh;Pipes;Polygender
32-6291805;Dyanne;McEttigen;Female
20-2660842;Lyssa;Gennings;Female
97-2972606;Friedrich;Lafoy;Male
51-7463701;Klement;Warcop;Male
89-5750783;Willem;Piquard;Male
20-2946754;Penny;Keatch;Female
17-2214844;Hamish;Crittal;Male
79-1915870;Esme;Aleevy;Genderqueer
47-1210154;Paulie;Duley;Male
73-7334051;Karlan;Ipsly;Male
31-9240474;Kipp;Levens;Female
28-8832499;Monah;McIntosh;Female
17-6920416;Dory;Trulocke;Female
38-2860976;Jeana;Sinnott;Genderfluid
03-7794486;Traver;Loache;Male
53-7776692;Tonnie;Sottell;Male
01-5890318;Tate;Dufour;Male
66-5173375;Torin;Wonham;Bigender
16-6421655;Karlee;Dimbleby;Female
09-5630743;Blakelee;Boldecke;Female
73-8657917;Minette;Whall;Female
89-9462348;Hillary;Bourke;Male
43-5158486;Hilly;Fruchter;Male
10-3133170;Perren;Jermey;Male
19-9915996;Wilma;Wyness;Female
22-3046668;Conny;Bradman;Female
02-8618392;Freeland;Vause;Male
95-1628915;Pat;Dyka;Male
46-3101028;Farrand;Abbets;Female
19-4475889;Perl;Land;Female
68-4217001;Hector;Seville;Male
49-7965700;Ingmar;MacNeillie;Male
41-9738389;Annemarie;Suller;Female
22-1747360;Noell;Godthaab;Female
16-7758355;Merrili;Colley;Female
69-0167362;Chanda;Barling;Agender
30-2427470;Edithe;O' Faherty;Agender
39-3089476;Matthus;Busen;Male
57-7134508;Rafaello;McIlveen;Male
74-7336757;Bernadine;Berthomieu;Female
76-0240633;Maudie;Grimley;Female
06-6843412;Neill;Cheesworth;Male
38-6878698;Vania;Wickey;Female
09-0361436;Sharline;Alenikov;Genderqueer
82-1463164;Christina;Tamplin;Female
87-8668624;Erik;Martinello;Male
61-4692911;Paige;M'cowis;Female
87-7782621;Rachael;Steiner;Genderfluid
38-5389667;Arline;Beadel;Female
67-2114430;Pieter;Pennetta;Male
28-8973434;Casandra;O'Gaven;Female
61-1640851;Sidonnie;Fassum;Female
69-0730413;Guglielma;Marmon;Agender
27-5898425;Xerxes;Falks;Male
37-1549172;Garret;Brannigan;Male
20-1916936;Eduardo;Glashby;Male
33-7011686;Robena;Attaway;Female
81-4829307;Sosanna;Brookes;Female
29-3769251;Thom;Coolican;Male
17-2216305;Paco;Jacob;Male
69-0330986;Marni;Binnie;Female
09-5757240;Dyanna;Babalola;Female
68-0709759;Myer;Speedin;Male
54-6327837;Alisander;Cheney;Non-binary
97-1719162;Alvie;Swedeland;Male
65-6048176;Renie;Harman;Genderqueer
89-8016246;Vidovic;Snaden;Male
26-2340592;Dominique;Poyser;Female
77-7939442;Lombard;Greg;Male
17-4810401;Chaddy;Repp;Male
22-5479356;Burl;Whopples;Male
32-4973300;Nero;Hoofe;Male
62-5375761;Suzette;Fidele;Female
17-8425543;Lydia;Whewell;Female
51-7002870;Austen;Blazevic;Polygender
21-9071520;Glyn;McCrow;Genderfluid
30-1147935;Nils;Hainge;Male
51-8882656;Julia;Ducker;Female
12-6988860;Malinda;Juanes;Genderfluid
17-0774208;Patrice;Brandoni;Female
54-3575543;Dionne;Caghy;Female
01-4469020;Carling;Standbrook;Male
70-9527833;Alwin;Rothchild;Male
17-1060759;Sheri;Bidwell;Female
57-8690131;Ginnie;Goskar;Female
52-8971715;Dee dee;Server;Female
32-2791049;Dylan;Alen;Male
34-4743072;Maureene;Bowskill;Female
61-7573692;Carmelia;Tarquinio;Female
90-9932229;Ame;O'Cahey;Female
80-4527126;Ros;Argont;Female
41-4433819;Zebulon;Sutch;Male
54-2593444;Ancell;Folder;Male
04-0838747;Stanly;Heinle;Bigender
68-4963357;Brett;Acutt;Female
20-3070436;Karine;Babalola;Female
92-3728870;Timoteo;Joisce;Male
66-3038038;Gaultiero;Greiser;Male
35-6843712;Aleksandr;Neljes;Male
09-9103712;Emlen;Twelves;Male
88-5130045;Anabel;Bunworth;Female
38-3306955;Emmie;Sworn;Non-binary
07-3207642;Skell;Duran;Male
86-8191473;Gussy;Parramore;Female
97-9729680;Cathyleen;Capelin;Female
01-3065028;Eugenius;O' Donohoe;Male
85-9668425;Gilberte;Smithyman;Female
72-9661912;Thoma;Aseef;Male
87-6074555;Marietta;Kinglake;Female
14-3897697;Waite;Issitt;Male
87-2211967;Frederick;Beckenham;Male
12-5831836;Maure;Brownbill;Female
31-3091156;Cirilo;Dredge;Male
52-6861670;Heddie;Million;Agender
73-8773089;Alisun;Cowden;Female
31-1109846;Donnajean;Allsupp;Female
67-8762683;Calida;Fuzzens;Female
59-2547534;Gwenette;Costi;Female
11-3440821;Kiley;Durrad;Female
94-9255247;Whit;Endersby;Male
85-4720136;Brittne;Brahams;Female
70-7148159;Blakeley;McPhelimey;Female
00-9486255;Perla;Ellissen;Female
12-7778010;Florette;Mowsley;Female
18-8456041;Jayne;Hinners;Female
80-1114373;Catha;Gajewski;Female
02-2878978;Law;Heasley;Polygender
59-7947391;Lazare;Breede;Male
78-2342468;Aurel;Kintish;Female
35-1748881;Ardelia;Penley;Female
12-5857754;Darya;Prate;Female
83-3059282;Mandy;Leatt;Female
56-9258152;Jeniffer;Angrock;Female
23-5395197;Delores;Gilmore;Agender
02-3415368;Kendell;Reap;Male
18-3846803;Natale;Alessandrucci;Male
76-1482252;Daron;Grosier;Male
22-9726924;Pooh;Divina;Genderqueer
69-0344577;Rickie;Cristofori;Genderfluid
69-5053340;Chelsy;Renzini;Female
19-7770083;Delaney;Ottee;Male
01-4576893;Dulce;Sandall;Female
40-9547552;Zedekiah;Grandham;Male
68-1157121;Olympie;Purvis;Female
35-3973305;Melesa;Ridsdale;Female
79-8194805;Rois;Arrighetti;Female
37-9656467;Hilliary;Greggs;Female
60-9615171;Ronalda;Dillingstone;Female
66-6051388;Errick;Ordelt;Male
97-7694588;Tracie;Poulett;Male
96-8548766;Wallis;Crippell;Male
22-9807726;Vic;Petofi;Male
98-7433311;Meyer;Ratie;Male
52-4673667;Vanna;Fauguel;Bigender
80-2819183;Rodina;Enevoldsen;Female
73-9066271;Heath;McNeigh;Male
46-2195407;Clarissa;Aumerle;Female
12-3162055;Bobinette;Doogue;Female
75-6261233;Mirella;Gusticke;Female
08-7998859;Felizio;Greenshiels;Male
85-6788140;Ester;Grafom;Female
26-1775677;Everett;Massel;Male
30-3473894;Bekki;Tissell;Female
84-6343866;Beauregard;Eberdt;Male
91-0739815;Melessa;Scrowton;Female
00-9993040;Ardene;Woolmore;Genderfluid
66-5535851;Bartlet;Lumox;Male
86-3932720;Ashlie;Raatz;Female
81-8188265;Ricky;Mergue;Male
88-9806653;Guinevere;Bonin;Female
83-5055079;Carrol;Goggin;Male
26-8398562;Kendall;Langforth;Polygender
22-3143116;Vitoria;Copelli;Genderqueer
32-7184707;Ulric;Neagle;Male
11-2784875;Salaidh;Morshead;Female
48-9603471;Judy;Olivey;Female
97-6773066;Antone;Sallenger;Male
65-7129277;Jo;Stiller;Female
19-0544489;Moss;Fleckno;Male
19-4808485;Toinette;Hallford;Female
73-5502290;Gregor;Ranfield;Male
73-1798584;Goldie;Borwick;Female
38-8643784;Vergil;Bolitho;Male
03-7388633;Roby;Sprigging;Female
88-6602765;Bab;Tzarkov;Female
70-7539191;Trude;Blackie;Female
50-7205331;Whit;Troughton;Male
43-9025766;Gareth;Fulstow;Male
43-4530052;Marla;Sola;Genderqueer
36-3694909;Lancelot;Phelips;Male
24-8911812;Vinny;Roma;Male
64-8976589;Bailie;Adney;Male
64-5155894;Cybill;Dexter;Female
34-3109649;Atlante;Gundrey;Female
48-3068924;Ilka;Schutze;Female
53-3197954;Jillene;Celle;Female
84-9674312;Minor;Riach;Genderfluid
44-3507082;Gregoor;Tankus;Male
58-7529030;Merl;Decreuze;Female
56-5137107;Zonda;Krollmann;Female
41-7307818;Angy;Shaw;Female
85-1228514;Bern;Troyes;Male
96-5496052;Horton;Michell;Male
21-9580972;Carlota;Fouracre;Female
32-3704767;William;Rapo;Male
05-7768193;Duffie;Scneider;Male
53-8671145;Sonnnie;Fairn;Female
29-2206761;Glendon;Ketley;Male
68-0414288;Rosie;Berzin;Female
19-2985801;Sher;Mullaney;Female
79-7394190;Virgie;Vertey;Non-binary
68-8001292;Iggy;Davidovich;Male
97-6256361;Filberto;Tonry;Genderfluid
30-0341147;Genevra;Guerner;Non-binary
77-5917375;Gipsy;Easterfield;Female
05-9372914;Andrew;Muckloe;Male
52-2138405;Conroy;Vela;Polygender
41-9979181;Ted;Prigmore;Male
44-0802958;Hernando;Fresson;Male
25-9862310;Armand;Younger;Male
36-2560595;Vincent;Shoorbrooke;Genderqueer
54-9267332;Igor;McKimm;Male
21-7913580;Lianna;Brosch;Female
23-1920422;Eugine;Kubiak;Female
73-5385936;Juditha;Vaud;Female
02-3971687;Marwin;Spincke;Male
08-0380224;Ferdie;Caswell;Male
74-4065014;Gayleen;Gherardelli;Female
74-7001811;Thatcher;Lamas;Male
16-0158621;Whitby;Jeness;Male
24-6393897;Pete;Tattam;Male
56-3137738;Coletta;Josephs;Female
11-5795957;Towny;O'Neill;Male
84-3271239;Mercedes;Lindores;Female
98-2559190;Quintilla;Overpool;Female
82-2258425;Barde;Vankov;Male
46-9978098;Amalle;Swaile;Female
54-9160810;Robina;Hacquard;Female
77-3533514;Sharia;Beagin;Female
70-8347993;Marcel;Gilderoy;Male
24-4118534;Kris;Fitter;Female
67-4524541;Laina;Boteman;Female
19-8500946;Mathe;Lampke;Male
50-6428855;Melloney;Learmond;Female
90-4338203;Cynde;Briffett;Female
16-1629381;Clarette;Lagden;Female
22-6180304;Rutledge;Stringman;Male
02-0886451;Alden;Plaistowe;Agender
14-8762305;Garwood;Andren;Male
45-4496950;Juliet;Samsin;Female
32-1521429;Bunni;Cardenas;Genderqueer
45-7033670;Nelly;Hawkridge;Female
67-5341065;Renie;Padgham;Female
23-9020645;Carmencita;Flattman;Female
82-0209112;Javier;Gammett;Male
22-4289188;Lynnelle;Grangier;Female
78-2252532;Angeli;Kearns;Male
49-1195834;Neila;Guirard;Female
58-5871461;Emmanuel;O'Cullen;Male
37-8173772;Care;MacAree;Male
18-5167366;Alena;Goodbar;Female
30-7568623;Brandi;Ferrarello;Female
58-2888982;Roxy;Thistleton;Female
11-9602195;Terrel;Skeleton;Male
79-3912991;Adelle;Pipes;Female
11-8476276;Gerrard;Loos;Male
32-7014277;Jacinta;Seywood;Female
72-5841588;Mercedes;Coole;Female
77-8372319;Kelby;Gillicuddy;Male
69-7268369;Margaret;MacGilpatrick;Female
66-3901613;Alex;Olohan;Male
78-1736802;Kiley;Manjin;Male
64-5570043;Bartel;Widdowes;Male
82-2970541;Gawen;Fernao;Male
06-4416338;Idalia;Hischke;Female
62-5513462;Petronella;Rawles;Non-binary
67-0889283;Kati;Bedinn;Female
30-1957350;Orel;Shipston;Agender
13-4732083;Pauli;Jenkins;Female
88-1661544;Rosalinde;Crellin;Genderqueer
14-9393119;Harmonie;Sperrett;Female
70-7392335;Marysa;Perkis;Female
17-8603595;Farley;Odney;Male
25-0173753;Ola;Klamp;Female
98-2910810;Bunnie;Dronsfield;Non-binary
33-0155361;Berget;Quinet;Female
06-2324841;Nicholle;Celler;Female
43-7268596;Phyllys;O'Mannion;Bigender
11-4573974;Liza;McGuiness;Female
40-9754585;Trixi;Bidmead;Female
97-9273990;Romeo;Eykelbosch;Male
31-0650725;Waldo;Goundry;Genderqueer
08-4521355;Arther;Tovey;Male
28-1385077;Elladine;Varfalameev;Female
27-4687394;Hasty;Huggill;Genderfluid
23-3639338;Barron;Higgen;Male
36-5260201;Angelo;Gullberg;Male
89-8197151;Penrod;Yurkevich;Male
11-3074818;Siusan;Benardeau;Female
93-6821615;Florentia;Atkins;Female
83-4381255;Matias;Sparshott;Male
42-1865375;Margaretta;Turmel;Female
19-5074340;Calhoun;Eplate;Male
00-5810645;Isak;Heinsius;Male
63-2360014;Granny;Ovett;Male
28-0538988;Lind;Assiratti;Female
63-0816419;Ellery;Durrance;Male
93-9949617;Theressa;Coggles;Female
33-5438973;Tom;Petrolli;Male
51-8413624;Gennie;Dobbings;Female
32-9229194;Ellene;Spinney;Female
82-5492129;Dodie;Cassie;Female
07-5772417;Barnie;Vlasenkov;Male
28-5341955;Isadore;Filchagin;Male
59-1578365;Dannie;Danforth;Bigender
92-7811795;Eduard;Sancto;Male
49-7528395;Jamey;Boyles;Male
77-7325297;Carlee;Keese;Female
05-0889973;Bastian;Roof;Male
64-3089531;Colan;Wakelin;Male
48-3277044;Reid;Eglinton;Male
72-5287464;Vera;Jennens;Female
42-6702304;Junie;O'Corhane;Female
41-9720900;Ivan;Windross;Male
27-6211229;Stephanie;Salmon;Female
18-3561754;Mireille;Baterip;Non-binary
35-9443846;Nikos;Thiem;Male
57-0057585;Rodge;Aizkovitch;Male
65-4425413;Lorraine;Broomhead;Genderqueer
12-2139299;Annette;Mullender;Non-binary
79-2328988;Dionis;Abramzon;Female
86-8351712;Elayne;Clewarth;Female
02-0540431;Killy;Carder;Male
66-3143275;Nicoline;Greves;Female
01-3098221;Lindsey;Rennocks;Male
83-6593868;Dory;Garard;Male
08-2832330;Pamelina;Frankling;Female
44-4979928;Darrel;Guerreau;Male
00-8188932;Karlen;Vonderdell;Female
25-4876513;Nerita;Runchman;Female
76-4710319;Aurilia;Fancourt;Female
40-8084490;Reynard;Mussen;Male
71-9641372;Eugenio;Baline;Male
42-6144895;Barty;MacBarron;Male
48-7183467;Silvia;Derr;Female
14-0958124;Cornelia;Point;Female
10-1858345;Wit;Robker;Male
97-7236603;Nappie;Bredes;Male
31-3254519;Timmy;Chiverton;Bigender
23-2246571;Zackariah;O'Teague;Male
25-7259115;Rutledge;Dummett;Male
45-6100030;Atlanta;Northern;Female
02-0170814;Nyssa;Wayt;Female
61-2969726;Joelie;Dollard;Female
43-0097986;Hodge;Morsom;Male
72-5488046;Hadley;McNeill;Male
93-8223526;Wernher;Dinwoodie;Male
10-8832998;Maybelle;Seary;Female
81-2560748;Jaye;Pancoust;Male
32-8567236;Tilda;Tomsu;Female
81-1639019;Bettye;Goadbie;Female
34-5089390;Timothea;Swallow;Agender
89-5867324;Herrick;Gianelli;Male
68-7281462;Darrel;Nuschke;Male
27-1262028;Jocko;Jacobsz;Male
00-5959485;Wylie;Scarlet;Male
20-2069044;Wald;Alibone;Male
84-1329232;Tallie;Ivankovic;Male
17-4954794;Massimo;Letteresse;Male
64-5022649;Pate;Cressy;Male
31-5279037;Melitta;Woolf;Female
70-8335596;Berkly;Rosoni;Male
12-4677711;Byron;Forrestill;Male
33-5079919;Alain;Branthwaite;Male
72-7861445;Ryun;Vampouille;Male
84-3953929;Vanessa;Larne;Female
49-8047195;Blanch;Pigot;Female
44-5692496;Margaretta;Carlisle;Female
47-4963535;Stanton;Estick;Male
12-7975985;Garrard;Ganniclifft;Male
89-6452585;Leonora;Hathwood;Female
49-4886589;Tabbie;Le Brun;Male
27-6384995;Johnette;Northidge;Female
40-7200547;Peria;Bouts;Bigender
96-5720308;Flo;Donegan;Female
38-2561787;Clara;McOrkill;Female
14-4637836;Tabor;Luto;Male
05-7082891;Ware;Seeviour;Male
33-5322516;Bobbee;Stoneham;Female
57-0267243;Josi;Shepeard;Female
27-2931482;Tedda;Attenbrow;Female
29-3903823;Candis;Hebden;Female
29-4577486;Holmes;Gladdor;Male
19-8730999;Eliot;Nias;Male
70-7275584;Dena;Aveling;Agender
89-3115544;Galven;Frenzl;Male
78-8763634;Zaria;Le Noir;Female
36-9754158;Blithe;Bosse;Female
50-8399132;Merlina;Greenig;Female
32-6878629;Hyacinthia;Brugh;Agender
31-4092266;Sandy;Rosenberger;Female
35-0231416;Skell;Shilburne;Male
35-5950404;Forrester;Saterweyte;Male
83-5485610;Sherry;Partkya;Female
00-0327008;Alene;Micco;Bigender
97-6530600;Bernie;Skeeles;Female
76-6712353;Hewet;Surgood;Male
12-2647488;Maynard;Swaysland;Male
59-0842394;Judith;Jahnke;Female
60-4683053;Carmella;Morratt;Female
99-8540981;Dosi;Annets;Female
46-3023380;Algernon;Blaymires;Male
41-1703132;Alec;Dunwoody;Male
73-5767743;Katheryn;Ferreri;Female
06-8053667;Scotty;Grist;Male
06-8176942;Susanna;Gooday;Female
72-0136751;Fonsie;Bratley;Male
40-9946835;Bernadina;Thame;Female
54-7021351;Sheridan;Bolderoe;Male
98-2525273;Christa;Felce;Female
72-9447828;Christoffer;Mallinar;Male
33-1577353;Rhys;Brehaut;Non-binary
99-0474140;Giff;Candy;Male
28-9594694;Giles;Ludwell;Male
10-7114656;Ellsworth;Surgener;Non-binary
25-6506992;Willard;Fattorini;Male
40-2141200;Brocky;Chatteris;Male
75-1517010;Correy;Duplock;Male
46-7731860;Arabella;Spinney;Female
39-3443009;Clarette;Gillise;Female
18-1063930;Gerti;Megainey;Female
80-6708699;Ogden;Potkins;Male
30-9744572;Elisa;Deinhardt;Female
88-1157088;Norbie;Itscowicz;Male
05-1557328;Hermina;Winmill;Agender
53-4871684;Alanna;Dehmel;Female
08-9417313;Alphonso;Okey;Male
27-7522731;Rene;Davidescu;Male
54-8121330;Juliette;Ferrillo;Polygender
85-7697621;Melissa;Stanfield;Female
81-7928305;Allianora;Thorwarth;Female
32-6461016;Bart;Balchin;Male
36-1793171;Ebeneser;Matteoli;Male
14-5863242;Lester;Ingliby;Male
15-5893081;Evyn;Dows;Male
26-5568707;Margie;Treker;Female
69-5758310;Grace;Gadault;Female
75-0085694;Leopold;Sebastian;Non-binary
10-1290578;Corliss;Gallone;Female
77-3957144;Cissiee;Coppenhall;Female
02-3653084;Gerta;Stenyng;Female
36-5080635;Noreen;Ogglebie;Genderfluid
59-1669338;Rochester;Yakebowitch;Male
30-1324992;Sherwynd;Mazin;Male
76-9976661;Kendra;Fontenot;Female
01-9812221;Faydra;Jeafferson;Female
21-9592465;Winn;Vizard;Male
16-8868023;Guendolen;Doulden;Female
04-6041780;Jerrie;Hradsky;Female
42-4116772;Isidro;Broomhead;Male
75-7131453;Colleen;Durand;Female
57-7899735;Farr;Beach;Non-binary
98-2879829;Gilly;Woofenden;Female
43-5556224;Donnajean;Okell;Female
03-1209703;Levin;Tuminini;Male
90-2620518;Shane;Margery;Male
89-8881380;Christyna;Cicchitello;Polygender
65-6619231;Danika;Pina;Female
84-7394537;Tomaso;Goaley;Male
20-5959556;Bentlee;Scotting;Male
26-2152073;Ulric;Dunsford;Male
79-8153234;Vincents;Falshaw;Male
00-7758253;Bendick;Stiggles;Male
12-7571171;Morgana;Hagstone;Female
23-3755458;Laurianne;Cockshott;Female
65-1688290;Shellysheldon;Fuster;Male
68-6064703;Quinn;Le Barr;Male
86-9461849;Leeland;Borrow;Male
40-2918979;Celie;Bygott;Female
15-9326652;Judas;Newsome;Male
91-2383196;Brok;Malacrida;Male
03-2260524;Bradly;Hayselden;Male
58-3143095;Celeste;McGonagle;Female
91-3597778;Tedie;De la croix;Male
86-9236344;Corene;Dukesbury;Female
76-2989405;Pippy;Cordey;Female
47-8376387;Filia;Apfler;Polygender
89-3505011;Ferdinand;Wardroper;Male
13-9056947;Tobin;Kitchen;Male
18-4546355;Anselm;Streets;Male
89-3732205;Yuma;Hanny;Male
32-2538870;Urbain;Virgin;Male
59-5048502;Kassia;Feaviour;Female
34-9815375;Tuck;Kilford;Male
88-7788272;Peadar;Kensitt;Male
00-0753715;Wynne;Ricson;Female
79-3316128;Ilise;Van der Velden;Female
45-0463624;Ketty;Coushe;Female
38-2798177;Issiah;Ugolini;Male
93-9938974;Cece;Egglestone;Male
23-9804873;Arnoldo;Shillito;Male
69-8138324;Corette;Bertholin;Female
63-7350395;Christy;Wyeth;Male
05-8577763;Marius;Heigold;Agender
47-0021442;Josie;Husthwaite;Female
94-8232381;Kettie;Fleckney;Female
93-0514914;Bronnie;Derill;Male
17-9850315;Taber;Hellings;Genderqueer
52-5793609;Florrie;McCreery;Female
93-1545158;Chick;Spilsted;Genderfluid
49-6923774;Annadiana;Ingarfield;Female
08-8253233;Jamey;Orpyne;Male
76-3749361;Percival;Lee;Male
64-6393613;Sybilla;Schowenburg;Female
08-8999568;Curry;Pedel;Male
21-7278774;Bernete;Chazette;Female
48-4616076;Philly;De Gregario;Female
75-2635148;Callie;Godar;Female
02-7083921;Sarita;Stredwick;Female
76-8890900;Mason;Glyde;Male
20-4578419;Leone;McHaffy;Agender
06-2432181;Hamish;Niesing;Male
22-4459574;Di;Colvin;Female
47-6437749;Luise;Oehme;Female
21-5109953;Gerrie;Haszard;Male
61-9475719;Cristy;Shreeves;Female
58-6841336;Arleta;Wonfar;Agender
17-3532216;Austin;Kull;Male
31-7035506;Ian;Thomasset;Male
50-0081715;Ramon;McCuish;Male
05-7569183;Melesa;Beaze;Bigender
72-0050848;Forbes;Caitlin;Male
67-6466323;Marcile;Whisker;Female
98-3995887;Sanford;Robker;Agender
09-0386052;Jerrine;Fullman;Female
51-3801295;Erasmus;Wheatcroft;Male
50-7574891;Jehanna;Randal;Female
01-8170492;Elihu;Dunthorn;Male
89-6384887;Kurt;Dudin;Male
13-3175051;Dynah;Syphus;Genderqueer
66-7567531;Alane;Tuhy;Female
76-9535289;Johann;Drillingcourt;Male
61-1828691;Martino;Hawthorn;Male
91-2078680;Sydney;Beals;Male
78-6426236;Bernete;Navarre;Female
07-8527021;Carrie;Bogays;Female
93-4873803;Taddeo;Hagard;Male
09-4469652;Northrop;Dabourne;Male
85-6695592;Yalonda;Millsom;Female
01-7474710;Celinka;Doiley;Female
62-0798693;Minda;Gorst;Female
81-9642404;Trenton;Boulger;Male
65-4834163;Felipe;Brazur;Male
37-9444810;Morty;Cushworth;Male
98-3852486;Dionysus;Chislett;Male
20-6666837;Penn;Erdes;Male
19-6241360;Carolynn;Awmack;Female
90-0694457;Chane;Chidzoy;Male
09-4066320;Batsheva;Kettles;Genderfluid
54-0187352;Tiphanie;Tomaszynski;Female
53-7407188;Taddeo;Brabbins;Male
21-9069527;Felipe;Bunney;Polygender
33-6976912;Maxine;Feehery;Polygender
39-2548221;Ky;Shingles;Male
69-2523261;Bernetta;Kubicki;Genderfluid
27-9890111;Melamie;Portail;Genderqueer
92-8783948;Frederic;Binnion;Male
90-0912126;Lane;Fotherby;Male
95-5229379;Leticia;Gurton;Female
06-4766103;Levon;Schelle;Male
62-9665800;Mateo;Keiling;Male
49-9382553;Miran;Daton;Female
09-4033278;Godfry;Sibery;Male
46-5525771;Carlotta;Brunetti;Genderfluid
93-6080901;Lars;Boat;Male
06-6735517;Marcos;Bamlett;Male
43-3791811;Georgie;Pretsel;Male
30-1846628;Zulema;Mottram;Female
16-5562720;Ivette;Jurek;Female
21-5423688;Liuka;Acomb;Female
52-4739849;Cristen;Ferrelli;Female
60-9552265;Lonni;Fearneley;Female
87-1676122;Talia;Trulocke;Agender
56-1137136;Giles;Fiddian;Male
64-7402062;Ferdinanda;Bassilashvili;Female
57-8709659;Keelia;Neno;Non-binary
91-3486975;Dulcia;Puttick;Female
68-1199332;Rana;Rowthorne;Female
92-2906314;Aylmer;Astie;Male
57-2061765;Theobald;Smaile;Male
47-3478706;Lyman;Cox;Non-binary
97-8638531;Cordelie;Brandenburg;Female
30-5816091;Jedediah;Bilbie;Male
26-1037101;Avrom;Dallison;Male
09-3747893;Elvira;Lasty;Genderfluid
52-7157246;Godfrey;Trevon;Male
46-1940989;Keriann;Dunmuir;Non-binary
35-0152089;Marion;Jeanneau;Male
27-0279076;Amalie;Brislen;Female
94-3420114;Lesly;Leafe;Agender
30-7219913;Shir;Spain;Female
94-4859673;Haily;Espy;Female
80-3161168;Tatum;Mecchi;Genderqueer
98-8651765;Gene;Pass;Male
08-9727321;Harri;Muehler;Female
06-8038524;Gena;Jane;Polygender
10-8676757;Jaquith;Locarno;Female
27-8291917;Alis;Stockton;Bigender
32-8702348;Mariele;Hallewell;Female
00-6574452;Constantine;Orteu;Male
94-8970376;Christal;McNair;Female
98-8928371;Zachary;Abson;Male
92-1516844;Danni;Toupe;Female
64-8680927;Vasilis;McCormack;Male
64-5399200;Tanner;Spencock;Male
45-4966447;Germain;Dewes;Male
11-5346838;Blondelle;Eldrett;Female
23-7054215;Kerrin;Jales;Female
42-8531049;Susannah;Dumbreck;Female
47-7432716;Evey;Eastman;Female
28-7680391;Bendick;Ottam;Male
30-4855908;Roxie;Serman;Female
66-5872919;Vanessa;Bartolomieu;Female
60-6840659;Benny;Habbert;Male
85-4337712;Zared;Gracey;Male
08-2151633;Benetta;Lammenga;Non-binary
43-8099935;Nelly;Cristou;Female
80-6251935;Donia;Aery;Female
33-6894382;Alexander;Stoffers;Genderfluid
00-1660802;Eduardo;Halfacree;Male
18-7263472;Ernestine;Ewings;Female
57-7368957;Rogers;Strotton;Male
95-1321359;Halimeda;Malzard;Female
95-1255578;Hurleigh;Follett;Polygender
42-6952505;Stepha;Tarbard;Female
78-2377560;Julietta;Tomaszewski;Female
05-2951188;Petey;Endecott;Male
97-0742556;Sheelagh;Hoult;Female
74-3360394;Essie;Hale;Female
29-9437129;Suellen;Huccaby;Female
21-2353195;Estell;Gonet;Female
83-3464047;Magnum;Ayrs;Male
02-9269541;Ryan;Goligher;Male
35-0195762;Milli;Uc;Polygender
29-3496966;Janeta;Mourgue;Female
38-2849032;Sukey;Punshon;Female
62-0144233;Barth;Chedgey;Male
40-4541000;Seward;Maxwale;Polygender
35-6249803;Lin;Nickoll;Male
04-4725408;Loise;Wenden;Female
79-0879514;Vonni;Oldacres;Agender
41-9846816;Fredi;Gunby;Female
09-5072711;Rori;Bacop;Female
69-3797850;Joseito;Stanislaw;Bigender
18-0481099;Pearla;Zealey;Female
92-5374654;Erl;Colbron;Male
39-2941005;Filide;Bolderoe;Female
42-8109311;Augie;Slessar;Male
68-6852113;Joseph;Di Giacomo;Male
64-3513345;Marc;Hawken;Male
64-5862558;Jere;Turrill;Female
44-7962288;Salome;Cadagan;Female
79-7872038;Erich;Oxtoby;Male
82-8033520;Sauveur;Queyeiro;Male
19-9402036;Lief;Bortolussi;Male
16-9862048;Rebeca;Mulder;Female
57-9410964;Gina;Sykora;Agender
76-0720649;Nealson;Jephcott;Male
77-7926442;Gilly;Loxley;Female
31-2766579;Lonni;Beazleigh;Genderfluid
03-4602038;Win;Mailey;Male
68-9649959;Claudian;Bogaert;Male
16-5828855;Jim;MacDiarmid;Genderfluid
74-4369360;Floyd;Sweetenham;Male
63-2735763;Webster;Ghelardi;Male
01-8198636;Giulio;Yardley;Male
96-5864012;Jimmy;Pietruszka;Genderfluid
03-9206911;Magnum;Worsfield;Male
28-8019953;Bourke;De Cleen;Male
79-7691211;Carmen;Triebner;Female
92-1210561;Piper;Upcott;Female
93-6102393;Clarice;Elsie;Female
57-0968978;Roz;Ales0;Female
48-0418048;Tamarra;Houdhury;Female
06-1359282;Celeste;Wanklin;Female
85-9472552;Bran;Otridge;Polygender
31-8167144;Kellina;Jamson;Female
13-7802990;Xena;Brouwer;Female
96-2680504;Greggory;Rodgier;Male
92-1539616;Krista;Paulsson;Female
04-4574309;Maynard;Twizell;Male
42-7121528;Fidelio;Lambal;Male
18-9509605;Dulcinea;McCue;Female
76-9719397;Winfield;Deverille;Polygender
34-9032239;Scarface;Beedom;Male
88-1301449;Nickey;Jordanson;Male
97-5925042;Loni;Daffey;Female
35-2804240;Salomon;Bossom;Male
68-2200761;Vicki;Bernardon;Female
85-2401041;Patsy;O'Curneen;Male
84-5641900;Germaine;Mardling;Male
15-0822201;Lindon;Ostick;Male
54-3496226;Charla;McRobert;Female
20-5040828;Corella;Holburn;Female
50-2122054;Jere;Tume;Male
62-8093145;Andreas;Kieff;Male
27-1954663;Faustina;Robillard;Female
42-2967651;Morly;Galsworthy;Male
98-4244137;Lauritz;Bartolomieu;Male
79-0085266;Laird;Wheelband;Male
04-5898296;Aggi;Joost;Female
03-9565547;Tedra;Speaks;Female
50-9605637;Antone;Eim;Male
71-0811819;Pollyanna;Speariett;Female
40-4713145;Andreas;Tofanelli;Male
48-9731280;Flint;Scrauniage;Male
37-4719543;Carrie;State;Female
61-9651668;Kailey;Sutcliffe;Female
60-9707861;Joey;Lineen;Male
28-5561169;Chaddy;Adderson;Male
55-8887843;Pamelina;Trickey;Female
75-4909818;Titus;Ibbetson;Male
62-6770669;Demetre;Paulusch;Male
64-7060130;Aleece;Grishkov;Female
29-1799335;Myriam;Janisson;Female
34-4856172;Jaquith;Marzello;Female
43-5106187;Ingaberg;Bolstridge;Female
96-7424689;Dall;Romero;Male
80-7703107;Inness;McVicar;Male
27-2775451;Kay;Nottingam;Female
94-1120505;Lind;Moorman;Female
07-3325849;Rafaelita;McAusland;Female
37-8967540;Kellen;Edmott;Non-binary
43-4283226;Averil;Bentick;Male
10-3568269;Agretha;Baudacci;Female
49-2749235;Moishe;Lineen;Agender
26-4368031;Bobbe;Devenport;Female
62-7426660;Banky;Lummus;Male
15-4428784;Irving;McLae;Male
98-3242180;Calypso;Gaddes;Female
13-7602421;Bertine;Standidge;Genderqueer
94-0626617;Dulciana;Jakoviljevic;Female
81-6914745;Wye;Craft;Male
97-9935646;Charlton;Orrow;Male
29-1827978;Cristiano;Redington;Male
16-4399062;Oralee;Barstowk;Polygender
74-4250955;Thorndike;Norton;Male
63-5672193;Natty;Bogey;Male
54-5963031;Ailbert;Ingyon;Non-binary
20-6618908;Davita;Burriss;Female
01-3022376;Collin;De Freitas;Male
46-4314424;Currey;Van Salzberger;Male
91-0297284;Julie;Darkin;Male
13-6694756;Carie;Arguile;Female
77-7861614;Shermy;Doody;Male
49-8291707;Minni;Yerby;Female
78-1541859;Keelby;Laetham;Male
16-2712721;Karrie;Thomerson;Female
36-6561605;Cacilia;Franseco;Genderfluid
78-3497553;Egor;Scane;Male
82-9809532;Hurlee;Maleby;Male
53-0476045;Danielle;Snoden;Female
12-2453663;Temple;Tremouille;Male
82-0638647;Umeko;Cossell;Female
42-9122975;Shaine;Kaaskooper;Male
21-6286266;Godard;Klagge;Male
21-3171648;Joly;Ruffy;Female
99-5208056;Mame;Lillgard;Female
84-6815018;Aaren;Wharrier;Female
75-6513475;Stephanus;Brazener;Male
25-1544704;Ashlan;Grindlay;Female
76-2941937;Hildagard;O'Gormley;Female
83-1622186;Zilvia;Lornsen;Female
33-5688687;Maurie;Gurnett;Male
30-8837898;Benji;Maingot;Bigender
72-7969094;Stoddard;McLevie;Female
26-4966581;Des;Caherny;Male
05-3898284;Bar;Consterdine;Male
31-1620872;Brooks;Earles;Male
73-0059361;Doralia;Lehrer;Female
59-4009868;Winthrop;Martignon;Male
49-5350159;Tiffani;Maddy;Female
62-6720271;Casandra;Keesman;Female
62-2996988;Betty;Houlden;Female
99-9864935;Gilbertina;Hallin;Female
78-8274048;Kimbell;Rutherfoord;Male
75-0284865;Pavel;Oldroyd;Male
75-6346811;Valida;Regardsoe;Female
95-0396835;Panchito;Carlesso;Male
08-8863960;Quinn;Gregorowicz;Male
44-3208641;Laney;Lyford;Male
72-9446122;Itch;Sorbie;Male
59-6216927;Mayor;Bartalin;Male
49-9055583;Goldia;Eallis;Genderqueer
91-0754590;Ward;Farlambe;Male
51-0244475;Faun;Mottinelli;Female
19-0077369;Bron;Glandfield;Genderqueer
06-9021685;Dosi;Lesaunier;Female
82-3901344;Wallis;Iliffe;Male
33-1485609;Barbara-anne;Strick;Agender
21-6992918;Gael;Glencross;Male
52-1051332;Arron;Kabos;Male
54-2724040;Kristina;Marquis;Female
21-0770338;Bud;Colloff;Male
80-1593641;Mariska;Shute;Female
93-2109283;Christophe;Schusterl;Male
64-8287791;Lanna;Selvester;Bigender
50-2549472;Morten;Benedict;Male
60-7934788;Oralee;Chave;Agender
99-5877931;Mil;Windows;Female
13-3350483;Maria;Leall;Female
68-7784813;Olin;Babidge;Male
82-1873232;Desirae;Ranshaw;Polygender
24-6639017;Liam;Broadstock;Male
29-1710055;Ken;Kienl;Male
11-9934355;Waldemar;Patient;Genderfluid
27-9561239;Berry;Mullett;Female
94-4120390;Bonnee;Full;Genderqueer
96-1107679;Eddie;Kensall;Male
54-7129366;Talbert;Condon;Male
79-2915538;Cherida;Barrows;Female
60-9961631;Cilka;Sawrey;Female
41-3174597;Franz;Tofpik;Male
72-1448695;Fanchon;Jewett;Female
34-7596547;Ogdan;Goldspink;Male
31-5788001;Dolley;McKeller;Female
93-5062306;Zacharia;Diano;Male
77-7405990;Beckie;Grevel;Female
73-1858443;Jessamyn;Basili;Female
